Metric,Value
Accuracy,0.8528974739970282
Precision,0.932972972972973
Recall,0.8638638638638638
Weighted F1,0.8571555499199908
