Dropout,BestValAcc
0.3,0.8675373134328358
0.5,0.8171641791044776
0.7,0.8470149253731343
