LearningRate,BestValAcc
0.001,0.8115671641791045
0.0005,0.8675373134328358
0.0001,0.8544776119402985
