WeightDecay,BestValAcc
0.0,0.8572761194029851
1e-05,0.8507462686567164
0.0001,0.8582089552238806
0.001,0.8488805970149254
